epoch,time,train/box_loss,train/seg_loss,train/cls_loss,train/l1_loss,train/sem_loss,metrics/precision(B),metrics/recall(B),metrics/mAP50(B),metrics/mAP50-95(B),metrics/precision(M),metrics/recall(M),metrics/mAP50(M),metrics/mAP50-95(M),val/box_loss,val/seg_loss,val/cls_loss,val/l1_loss,val/sem_loss,lr/pg0,lr/pg1,lr/pg2,lr/pg3,lr/pg4,lr/pg5,lr/pg6,lr/pg7
1,227.078,1.3071,2.35175,4.88429,0.01337,2.12925,0.4358,0.61672,0.519,0.31643,0.44316,0.61468,0.52277,0.31199,1.25933,1.7532,2.49273,0.01782,0,0.00999087,0.00333029,0.00999087,0.00333029,0.00999087,0.00333029,0.00999087,0.00333029
2,438.116,1.33239,1.824,1.72226,0.01377,1.40471,0.4607,0.66628,0.52533,0.31238,0.46438,0.66843,0.53077,0.31524,1.35062,1.75532,1.26797,0.01952,0,0.019793,0.00659765,0.019793,0.00659765,0.019793,0.00659765,0.019793,0.00659765
3,643.851,1.41086,1.85196,1.3569,0.0148,1.42944,0.49208,0.63981,0.53935,0.3031,0.49468,0.64071,0.54329,0.3004,1.44522,1.90225,1.19621,0.02092,0,0.029397,0.00979902,0.029397,0.00979902,0.029397,0.00979902,0.029397,0.00979902
4,851.562,1.44869,1.85649,1.2472,0.01518,1.39054,0.47563,0.72886,0.58272,0.34305,0.48285,0.72979,0.58821,0.34928,1.36649,1.73612,0.94997,0.0198,0,0.029109,0.009703,0.029109,0.009703,0.029109,0.009703,0.029109,0.009703
5,1054.26,1.43258,1.82245,1.14788,0.01497,1.33426,0.51115,0.76534,0.60664,0.36165,0.51431,0.77058,0.61011,0.36019,1.38292,1.71848,0.84486,0.01974,0,0.028812,0.009604,0.028812,0.009604,0.028812,0.009604,0.028812,0.009604
6,1258.73,1.4248,1.81395,1.11137,0.01475,1.32619,0.50431,0.72265,0.58695,0.34329,0.50885,0.72511,0.58899,0.34048,1.37904,1.78321,0.97896,0.02009,0,0.028515,0.009505,0.028515,0.009505,0.028515,0.009505,0.028515,0.009505
7,1466.85,1.39997,1.7868,1.08184,0.0145,1.31577,0.52293,0.72442,0.60445,0.36235,0.52645,0.72903,0.60982,0.3681,1.3266,1.68107,0.85106,0.01909,0,0.028218,0.009406,0.028218,0.009406,0.028218,0.009406,0.028218,0.009406
8,1675.08,1.38729,1.75081,1.07034,0.01422,1.29289,0.57983,0.74025,0.63503,0.38828,0.58166,0.74244,0.63729,0.39458,1.30803,1.64548,0.79127,0.01823,0,0.027921,0.009307,0.027921,0.009307,0.027921,0.009307,0.027921,0.009307
9,1882.48,1.37317,1.75318,1.03915,0.01413,1.3095,0.56784,0.81089,0.6467,0.39412,0.56957,0.81366,0.65256,0.39739,1.32875,1.65088,0.74078,0.01903,0,0.027624,0.009208,0.027624,0.009208,0.027624,0.009208,0.027624,0.009208
10,2089.65,1.36541,1.72873,1.01892,0.01403,1.27289,0.51655,0.76507,0.62742,0.38122,0.51442,0.76448,0.6308,0.3905,1.28961,1.62519,0.78321,0.01786,0,0.027327,0.009109,0.027327,0.009109,0.027327,0.009109,0.027327,0.009109
11,2292.94,1.35767,1.72602,0.99445,0.01381,1.22926,0.57905,0.7862,0.64665,0.38999,0.58143,0.7896,0.64972,0.39368,1.2946,1.69727,0.727,0.01807,0,0.02703,0.00901,0.02703,0.00901,0.02703,0.00901,0.02703,0.00901
12,2494.76,1.34545,1.7212,0.97087,0.01368,1.27387,0.56411,0.78727,0.63513,0.39899,0.56584,0.79129,0.63666,0.40227,1.27209,1.6026,0.70555,0.01785,0,0.026733,0.008911,0.026733,0.008911,0.026733,0.008911,0.026733,0.008911
13,2697.07,1.33266,1.69937,0.96369,0.01348,1.25345,0.57103,0.78497,0.64326,0.39413,0.5719,0.78896,0.64564,0.40256,1.27655,1.62472,0.73601,0.01802,0,0.026436,0.008812,0.026436,0.008812,0.026436,0.008812,0.026436,0.008812
14,2899.21,1.33366,1.69648,0.94521,0.01359,1.24904,0.55278,0.79492,0.63242,0.403,0.55649,0.80585,0.63591,0.40139,1.22528,1.58807,0.68412,0.01723,0,0.026139,0.008713,0.026139,0.008713,0.026139,0.008713,0.026139,0.008713
15,3102.91,1.33141,1.68041,0.9586,0.01336,1.27101,0.58221,0.80201,0.6528,0.41153,0.58404,0.80478,0.65554,0.40853,1.22498,1.6053,0.70954,0.01712,0,0.025842,0.008614,0.025842,0.008614,0.025842,0.008614,0.025842,0.008614
16,3305.42,1.30837,1.68143,0.92975,0.01325,1.23528,0.55762,0.79962,0.64332,0.39267,0.55766,0.79338,0.6424,0.40244,1.29688,1.59279,0.72202,0.01793,0,0.025545,0.008515,0.025545,0.008515,0.025545,0.008515,0.025545,0.008515
17,3507.13,1.30208,1.66382,0.9327,0.01305,1.20844,0.56238,0.79785,0.6366,0.40422,0.56202,0.81574,0.63869,0.40701,1.24907,1.59053,0.69467,0.01737,0,0.025248,0.008416,0.025248,0.008416,0.025248,0.008416,0.025248,0.008416
18,3710.82,1.31003,1.67304,0.92953,0.01319,1.23078,0.56759,0.78251,0.64695,0.41273,0.57131,0.78653,0.6498,0.4113,1.25305,1.59425,0.69447,0.01771,0,0.024951,0.008317,0.024951,0.008317,0.024951,0.008317,0.024951,0.008317
19,3913.7,1.30685,1.66309,0.90439,0.01312,1.22887,0.57193,0.79214,0.64175,0.40588,0.57844,0.79399,0.64476,0.40348,1.25666,1.58958,0.714,0.01764,0,0.024654,0.008218,0.024654,0.008218,0.024654,0.008218,0.024654,0.008218
20,4117.12,1.30119,1.65163,0.93108,0.01314,1.20185,0.56193,0.81554,0.6468,0.40754,0.56059,0.8184,0.64711,0.40787,1.25377,1.60481,0.69108,0.01747,0,0.024357,0.008119,0.024357,0.008119,0.024357,0.008119,0.024357,0.008119
21,4322.49,1.30078,1.65889,0.92198,0.01307,1.24501,0.58056,0.75973,0.63508,0.40299,0.57817,0.76986,0.63795,0.40001,1.2431,1.60499,0.73239,0.01749,0,0.02406,0.00802,0.02406,0.00802,0.02406,0.00802,0.02406,0.00802
22,4525.52,1.27944,1.63435,0.8907,0.01291,1.19832,0.57539,0.78873,0.64852,0.41302,0.57811,0.79303,0.65103,0.40816,1.22964,1.57897,0.66156,0.01719,0,0.023763,0.007921,0.023763,0.007921,0.023763,0.007921,0.023763,0.007921
23,4728.09,1.28231,1.62591,0.89528,0.01279,1.2122,0.55915,0.82851,0.65879,0.42639,0.5626,0.83346,0.66232,0.42335,1.21557,1.57317,0.64799,0.01691,0,0.023466,0.007822,0.023466,0.007822,0.023466,0.007822,0.023466,0.007822
24,4932.29,1.27684,1.63011,0.87388,0.01284,1.2035,0.55877,0.82595,0.63871,0.414,0.56132,0.83056,0.64108,0.41301,1.21746,1.56312,0.67265,0.01689,0,0.023169,0.007723,0.023169,0.007723,0.023169,0.007723,0.023169,0.007723
25,5137.84,1.27176,1.62367,0.87446,0.01263,1.17738,0.57326,0.81031,0.63102,0.40358,0.57352,0.81788,0.63258,0.4038,1.20589,1.55585,0.69739,0.01674,0,0.022872,0.007624,0.022872,0.007624,0.022872,0.007624,0.022872,0.007624
26,5343.88,1.26156,1.60887,0.86267,0.01258,1.2013,0.57775,0.81682,0.65922,0.42125,0.57767,0.81623,0.6588,0.42208,1.20591,1.5658,0.66088,0.01653,0,0.022575,0.007525,0.022575,0.007525,0.022575,0.007525,0.022575,0.007525
27,5548.1,1.26345,1.61437,0.87201,0.0126,1.18991,0.59304,0.80158,0.65848,0.4222,0.59461,0.80345,0.66053,0.42376,1.21795,1.55494,0.6624,0.01689,0,0.022278,0.007426,0.022278,0.007426,0.022278,0.007426,0.022278,0.007426
28,5752.49,1.25971,1.61664,0.87165,0.01255,1.19606,0.56495,0.80115,0.64147,0.41386,0.56726,0.80392,0.64278,0.41438,1.21285,1.55883,0.67617,0.01674,0,0.021981,0.007327,0.021981,0.007327,0.021981,0.007327,0.021981,0.007327
29,5957.73,1.24826,1.59858,0.86736,0.01236,1.19899,0.57475,0.81648,0.63687,0.41208,0.57209,0.81845,0.63759,0.40987,1.20525,1.5418,0.68331,0.01677,0,0.021684,0.007228,0.021684,0.007228,0.021684,0.007228,0.021684,0.007228
30,6163.01,1.23559,1.60865,0.84389,0.01222,1.18339,0.56633,0.75809,0.63367,0.41062,0.56684,0.75871,0.63439,0.41052,1.20176,1.54693,0.72003,0.01674,0,0.021387,0.007129,0.021387,0.007129,0.021387,0.007129,0.021387,0.007129
31,6368.6,1.25026,1.59767,0.87037,0.0125,1.16821,0.54545,0.7556,0.62344,0.40015,0.54861,0.76444,0.62431,0.39853,1.2005,1.55164,0.68768,0.01646,0,0.02109,0.00703,0.02109,0.00703,0.02109,0.00703,0.02109,0.00703
32,6574.34,1.25588,1.60973,0.87563,0.01242,1.16151,0.57538,0.81256,0.6556,0.4301,0.58028,0.81642,0.65843,0.42719,1.16921,1.53276,0.64254,0.01609,0,0.020793,0.006931,0.020793,0.006931,0.020793,0.006931,0.020793,0.006931
33,6778.57,1.26013,1.60273,0.86601,0.01248,1.19971,0.56094,0.8276,0.64281,0.41391,0.56293,0.84233,0.6456,0.41451,1.20531,1.55341,0.6586,0.01664,0,0.020496,0.006832,0.020496,0.006832,0.020496,0.006832,0.020496,0.006832
34,6982.45,1.2337,1.58948,0.83531,0.01226,1.17419,0.59857,0.79454,0.66626,0.43527,0.59934,0.80501,0.66874,0.43169,1.18247,1.5404,0.63711,0.01611,0,0.020199,0.006733,0.020199,0.006733,0.020199,0.006733,0.020199,0.006733
35,7190.04,1.24224,1.59711,0.86179,0.01242,1.15489,0.58729,0.80667,0.65035,0.42252,0.58676,0.80605,0.65205,0.42068,1.18631,1.55547,0.65579,0.01631,0,0.019902,0.006634,0.019902,0.006634,0.019902,0.006634,0.019902,0.006634
36,7395.6,1.23553,1.59308,0.85254,0.01219,1.15675,0.57336,0.8505,0.6503,0.42045,0.57473,0.85223,0.65024,0.41699,1.18065,1.54286,0.63917,0.01624,0,0.019605,0.006535,0.019605,0.006535,0.019605,0.006535,0.019605,0.006535
37,7600.8,1.23703,1.58877,0.84753,0.01218,1.14849,0.56276,0.76868,0.63849,0.41431,0.5643,0.77239,0.63971,0.41364,1.1887,1.54093,0.65894,0.01645,0,0.019308,0.006436,0.019308,0.006436,0.019308,0.006436,0.019308,0.006436
38,7808.34,1.23863,1.59221,0.84172,0.01235,1.14558,0.58061,0.8285,0.65418,0.42664,0.58381,0.83373,0.6565,0.42577,1.18823,1.53722,0.64232,0.01642,0,0.019011,0.006337,0.019011,0.006337,0.019011,0.006337,0.019011,0.006337
39,8016.37,1.23772,1.57406,0.85036,0.01226,1.12993,0.58907,0.82239,0.65687,0.426,0.59065,0.8352,0.65713,0.42465,1.1966,1.55253,0.63397,0.01645,0,0.018714,0.006238,0.018714,0.006238,0.018714,0.006238,0.018714,0.006238
40,8221.52,1.24595,1.59025,0.85291,0.01233,1.12648,0.58867,0.79142,0.64266,0.41811,0.58669,0.79173,0.64286,0.41887,1.18356,1.54251,0.65679,0.01619,0,0.018417,0.006139,0.018417,0.006139,0.018417,0.006139,0.018417,0.006139
41,8427.42,1.23144,1.58516,0.85978,0.01214,1.14337,0.55818,0.83461,0.64517,0.42587,0.55808,0.82845,0.64613,0.42177,1.1659,1.55453,0.6554,0.01601,0,0.01812,0.00604,0.01812,0.00604,0.01812,0.00604,0.01812,0.00604
42,8810.34,1.23,1.58167,0.83084,0.01226,1.11496,0.57417,0.82311,0.65199,0.42439,0.57697,0.82499,0.65352,0.42279,1.18197,1.54502,0.65376,0.01638,0,0.017823,0.005941,0.017823,0.005941,0.017823,0.005941,0.017823,0.005941
43,9145.74,1.22441,1.58027,0.84283,0.01213,1.11129,0.57361,0.81763,0.65307,0.42074,0.5745,0.82361,0.65218,0.42049,1.18992,1.53716,0.65442,0.01631,0,0.017526,0.005842,0.017526,0.005842,0.017526,0.005842,0.017526,0.005842
44,9485.41,1.21567,1.56874,0.82261,0.012,1.1119,0.5708,0.81733,0.64416,0.4146,0.56535,0.81905,0.64152,0.41305,1.178,1.54113,0.65883,0.01617,0,0.017229,0.005743,0.017229,0.005743,0.017229,0.005743,0.017229,0.005743
45,9932.29,1.2328,1.5791,0.84332,0.01212,1.10182,0.56862,0.85116,0.65583,0.42443,0.56704,0.84779,0.65377,0.42053,1.19039,1.54721,0.64203,0.0164,0,0.016932,0.005644,0.016932,0.005644,0.016932,0.005644,0.016932,0.005644
46,10348.6,1.22012,1.57942,0.82705,0.01211,1.1208,0.58689,0.83583,0.65817,0.42274,0.58448,0.83898,0.6583,0.42445,1.19114,1.52817,0.63411,0.0164,0,0.016635,0.005545,0.016635,0.005545,0.016635,0.005545,0.016635,0.005545
47,10839.1,1.22178,1.5695,0.82549,0.01204,1.10295,0.56734,0.83029,0.64667,0.42555,0.56777,0.8325,0.64649,0.42187,1.16505,1.5275,0.63687,0.016,0,0.016338,0.005446,0.016338,0.005446,0.016338,0.005446,0.016338,0.005446
48,11263.2,1.21386,1.56316,0.8166,0.01192,1.09683,0.56665,0.82011,0.64522,0.42448,0.56718,0.82014,0.64689,0.41949,1.1663,1.52899,0.64288,0.01591,0,0.016041,0.005347,0.016041,0.005347,0.016041,0.005347,0.016041,0.005347
49,11706.2,1.20957,1.56262,0.81543,0.01182,1.07483,0.57809,0.83081,0.65532,0.42639,0.58264,0.83327,0.6568,0.42301,1.17321,1.54587,0.64833,0.0161,0,0.015744,0.005248,0.015744,0.005248,0.015744,0.005248,0.015744,0.005248
50,12130.9,1.20429,1.55204,0.80057,0.01185,1.06402,0.5561,0.85907,0.64485,0.41996,0.5558,0.86224,0.64454,0.41889,1.17551,1.53935,0.66206,0.01613,0,0.015447,0.005149,0.015447,0.005149,0.015447,0.005149,0.015447,0.005149
51,12598.4,1.21068,1.57069,0.81038,0.01191,1.09671,0.58222,0.85265,0.65874,0.42787,0.58453,0.85421,0.65909,0.4252,1.17844,1.52989,0.64335,0.01617,0,0.01515,0.00505,0.01515,0.00505,0.01515,0.00505,0.01515,0.00505
52,13005.4,1.19802,1.55181,0.7984,0.01175,1.05631,0.57741,0.84573,0.65205,0.42902,0.57795,0.84587,0.65285,0.42523,1.16587,1.5274,0.62903,0.01599,0,0.014853,0.004951,0.014853,0.004951,0.014853,0.004951,0.014853,0.004951
53,13572.5,1.19706,1.54175,0.80092,0.01178,1.08786,0.57077,0.84062,0.64308,0.41972,0.56993,0.84536,0.64377,0.418,1.17422,1.53109,0.65117,0.01605,0,0.014556,0.004852,0.014556,0.004852,0.014556,0.004852,0.014556,0.004852
54,14217.4,1.18682,1.55634,0.80858,0.01162,1.04945,0.59521,0.83647,0.66591,0.42941,0.59495,0.83616,0.66468,0.42713,1.18747,1.54962,0.63282,0.01634,0,0.014259,0.004753,0.014259,0.004753,0.014259,0.004753,0.014259,0.004753
